indice,Año,Trimestre,ADSL,Cablemodem,Fibra óptica,Wireless,Total,Periodo,Date
0,2022,3,1395277,6031970,2871541,55711,11091128,Jul-Sept 2022,1/9/2022
1,2022,2,1468333,5979214,2723285,556243,10958684,Abr-Jun 2022,1/6/2022
2,2022,1,1533240,6073426,2219533,545814,10624009,Ene-Mar 2022,1/1/2022
3,2021,4,1657615,5984240,2072236,523107,10489794,Oct-Dic 2021,1/12/2021
4,2021,3,1950631,5826257,1566048,492415,10085541,Jul-Sept 2021,1/9/2021
5,2021,2,2018587,5641731,1472246,476968,9863084,Abr-Jun 2021,1/6/2021
6,2021,1,2175211,5424782,1362976,434548,9647972,Ene-Mar 2021,1/3/2021
7,2020,4,2213949,5371824,1311199,421554,9571562,Oct-Dic 2020,1/12/2020
8,2020,3,2263889,5259351,1170879,413259,9356199,Jul-Sept 2020,1/9/2020
9,2020,2,2295533,5005115,1106725,376667,9031056,Abr-Jun 2020,1/6/2020
10,2020,1,2299457,4903674,1047817,352333,8812426,Ene-Mar 2020,1/3/2020
11,2019,4,2414575,4883869,941295,340144,8793181,Oct-Dic 2019,1/12/2019
12,2019,3,2909805,4800091,852221,338241,9164684,Jul-Sept 2019,1/9/2019
13,2019,2,2990457,4635575,760794,308027,8960181,Abr-Jun 2019,1/6/2019
14,2019,1,3132789,4435439,637099,276419,8648135,Ene-Mar 2019,1/3/2019
15,2018,4,3329027,4313831,388013,264299,8473655,Oct-Dic 2018,1/12/2018
16,2018,3,3521447,4238171,247366,246181,8347035,Jul-Sept 2018,1/9/2018
17,2018,2,3557216,4038141,226285,194267,8110444,Abr-Jun 2018,1/6/2018
18,2018,1,3574294,3981129,217460,1653,8037053,Ene-Mar 2018,1/3/2018
19,2017,4,3584311,3818157,211425,155775,7870222,Oct-Dic 2017,1/12/2017
20,2017,3,3622575,3670221,193964,106443,7724943,Jul-Sept 2017,1/9/2017
21,2017,2,3723518,3383434,180777,85813,7429664,Abr-Jun 2017,1/6/2017
22,2017,1,3708898,3276251,180146,84813,7305854,Ene-Mar 2017,1/3/2017
23,2016,4,3722794,3210602,178070,85119,7251673,Oct-Dic 2016,1/12/2016
24,2016,3,3776442,3124855,169898,81455,7206950,Jul-Sept 2016,1/9/2016
25,2016,2,3782085,3035272,167788,85452,7130079,Abr-Jun 2016,1/6/2016
26,2016,1,3792493,2806359,164371,8537,6907356,Ene-Mar 2016,1/3/2016
27,2015,4,3803024,2898226,139187,85726,6984831,Oct-Dic 2015,1/12/2015
28,2015,3,3788696,2840203,162663,8453,6935068,Jul-Sept 2015,1/9/2015
29,2015,2,3767821,2756294,150839,82077,6816188,Abr-Jun 2015,1/6/2015
30,2015,1,3756153,2668248,168188,79098,6737732,Ene-Mar 2015,1/3/2015
31,2014,4,3764038,2536219,149682,76984,6598496,Oct-Dic 2014,1/12/2014
32,2014,3,3714764,2569868,155494,85096,6595271,Jul-Sept 2014,1/9/2014
33,2014,2,3708882,2461670,149363,72405,6464468,Abr-Jun 2014,1/6/2014
34,2014,1,3697066,2407330,150323,70749,6398398,Ene-Mar 2014,1/3/2014
